"Almacén";"Ubicación";"Número contenedor";"Tipo ubic.";"Cat. ubic";"Monoartículo";"Dedicado";"Reaprov.";"Ges.relleno";"Ocupación";"Bloqueado";"Inv.en curso";"Artículo";"Descripción 1";"Lote";"Sublote";"Serie";"Unidad";"Cantidad UE";"Coef. UE-US";"US";"Cantidad US";"Estado";"Acumul. ctd asignada";"Identificador 1";"Identificador 2";"Lote proveedor";"Últ. salida";"Últ. entrada";"Últ. invent.";"Solicitud análisis";
"ES001";"A0101";"";"FRIO";Interna;No;No;No;No;Ocupado;No;Sí;"YACH-00002";"PRUEBA 2";"L26020123";"00030";"";"UN";1,000000000;1,000000;"UN";1,000000000;"A";1,000000000;"";"";"";;26/02/2026;;"";
"ES001";"A0101";"";"FRIO";Interna;No;No;No;No;Ocupado;No;No;"YACH-00003";"PRUEBA 3";"TEST112";"00001";"";"UN";1,000000000;1,000000;"UN";1,000000000;"A";0,000000000;"";"";"TEST12";;05/03/2026;;"";
"ES001";"A0101";"";"FRIO";Interna;No;No;No;No;Ocupado;No;No;"YACH-00003";"PRUEBA 3";"TEST113";"00001";"";"UN";1,000000000;1,000000;"UN";1,000000000;"A";0,000000000;"";"";"TEST1";;05/03/2026;;"";
"ES001";"A0101";"";"FRIO";Interna;No;No;No;No;Ocupado;No;No;"YACH-00003";"PRUEBA 3";"TEST114";"00001";"";"UN";1,000000000;1,000000;"UN";1,000000000;"A";0,000000000;"";"";"TEST1";;05/03/2026;;"";
"ES001";"A0102";"";"FRIO";Interna;No;No;No;No;Ocupado;No;Sí;"YACH-00001";"PRUEBA 1";"L26020260";"00001";"";"UN";1,000000000;1,000000;"UN";1,000000000;"A";0,000000000;"";"";"";;03/03/2026;;"";
"ES001";"A0201";"";"LIMPI";Interna;No;No;No;No;Vacío;No;No;"";"";"";"";"";"";0,000000000;0,000000;"";0,000000000;"";0,000000000;"";"";"";;;;"";
"ES001";"A0202";"";"LIMPI";Interna;No;No;No;No;Vacío;No;No;"";"";"";"";"";"";0,000000000;0,000000;"";0,000000000;"";0,000000000;"";"";"";;;;"";
"ES001";"A0203";"";"LIMPI";Interna;No;No;No;No;Vacío;No;No;"";"";"";"";"";"";0,000000000;0,000000;"";0,000000000;"";0,000000000;"";"";"";;;;"";
"ES001";"A0204";"";"LIMPI";Interna;No;No;No;No;Vacío;No;No;"";"";"";"";"";"";0,000000000;0,000000;"";0,000000000;"";0,000000000;"";"";"";;;;"";
"ES001";"A0205";"";"LIMPI";Interna;No;No;No;No;Vacío;No;No;"";"";"";"";"";"";0,000000000;0,000000;"";0,000000000;"";0,000000000;"";"";"";;;;"";
"ES001";"A0301";"";"LIMPI";Interna;No;No;No;No;Vacío;No;No;"";"";"";"";"";"";0,000000000;0,000000;"";0,000000000;"";0,000000000;"";"";"";;;;"";
"ES001";"A0302";"";"LIMPI";Interna;No;No;No;No;Vacío;No;No;"";"";"";"";"";"";0,000000000;0,000000;"";0,000000000;"";0,000000000;"";"";"";;;;"";
"ES001";"A0303";"";"LIMPI";Interna;No;No;No;No;Vacío;No;No;"";"";"";"";"";"";0,000000000;0,000000;"";0,000000000;"";0,000000000;"";"";"";;;;"";
"ES001";"A0304";"";"LIMPI";Interna;No;No;No;No;Ocupado;No;No;"LIMPI-00124";"CUBO PLASTICO 12 L.";"";"";"";"UN";13,000000000;1,000000;"UN";13,000000000;"A";0,000000000;"";"";"";;19/02/2026;19/02/2026;"";
"ES001";"A0305";"";"LIMPI";Interna;No;No;No;No;Vacío;No;No;"";"";"";"";"";"";0,000000000;0,000000;"";0,000000000;"";0,000000000;"";"";"";;;;"";
"ES001";"A0401";"";"SEDES";Interna;No;No;No;No;Vacío;No;No;"";"";"";"";"";"";0,000000000;0,000000;"";0,000000000;"";0,000000000;"";"";"";;;;"";
"ES001";"A0402";"";"SEDES";Interna;No;No;No;No;Vacío;No;No;"";"";"";"";"";"";0,000000000;0,000000;"";0,000000000;"";0,000000000;"";"";"";;;;"";
"ES001";"A0403";"";"SONDA";Interna;No;No;No;No;Vacío;No;No;"";"";"";"";"";"";0,000000000;0,000000;"";0,000000000;"";0,000000000;"";"";"";;;;"";
"ES001";"A0404";"";"SONDA";Interna;No;No;No;No;Vacío;No;No;"";"";"";"";"";"";0,000000000;0,000000;"";0,000000000;"";0,000000000;"";"";"";;;;"";
"ES001";"A0405";"";"SONDA";Interna;No;No;No;No;Vacío;No;No;"";"";"";"";"";"";0,000000000;0,000000;"";0,000000000;"";0,000000000;"";"";"";;;;"";
"ES001";"A0501";"";"PREVE";Interna;No;No;No;No;Vacío;No;No;"";"";"";"";"";"";0,000000000;0,000000;"";0,000000000;"";0,000000000;"";"";"";;;;"";
"ES001";"A0601";"";"PREVE";Interna;No;No;No;No;Vacío;No;No;"";"";"";"";"";"";0,000000000;0,000000;"";0,000000000;"";0,000000000;"";"";"";;;;"";
"ES001";"A0701";"";"PREVE";Interna;No;No;No;No;Vacío;No;No;"";"";"";"";"";"";0,000000000;0,000000;"";0,000000000;"";0,000000000;"";"";"";;;;"";
"ES001";"B0101";"";"COMPO";Interna;No;No;No;No;Vacío;No;No;"";"";"";"";"";"";0,000000000;0,000000;"";0,000000000;"";0,000000000;"";"";"";;;;"";
"ES001";"B0102";"";"COMPO";Interna;No;No;No;No;Vacío;No;No;"";"";"";"";"";"";0,000000000;0,000000;"";0,000000000;"";0,000000000;"";"";"";;;;"";
"ES001";"B0103";"";"COMPO";Interna;No;No;No;No;Vacío;No;No;"";"";"";"";"";"";0,000000000;0,000000;"";0,000000000;"";0,000000000;"";"";"";;;;"";
"ES001";"B0104";"";"COMPO";Interna;No;No;No;No;Vacío;No;No;"";"";"";"";"";"";0,000000000;0,000000;"";0,000000000;"";0,000000000;"";"";"";;;;"";
"ES001";"B0105";"";"COMPO";Interna;No;No;No;No;Vacío;No;No;"";"";"";"";"";"";0,000000000;0,000000;"";0,000000000;"";0,000000000;"";"";"";;;;"";
"ES001";"B0106";"";"ALTUR";Interna;No;No;No;No;Vacío;No;No;"";"";"";"";"";"";0,000000000;0,000000;"";0,000000000;"";0,000000000;"";"";"";;;;"";
"ES001";"B0201";"";"COMPO";Interna;No;No;No;No;Vacío;No;No;"";"";"";"";"";"";0,000000000;0,000000;"";0,000000000;"";0,000000000;"";"";"";;;;"";
"ES001";"B0202";"";"COMPO";Interna;No;No;No;No;Vacío;No;No;"";"";"";"";"";"";0,000000000;0,000000;"";0,000000000;"";0,000000000;"";"";"";;;;"";
"ES001";"B0203";"";"COMPO";Interna;No;No;No;No;Vacío;No;No;"";"";"";"";"";"";0,000000000;0,000000;"";0,000000000;"";0,000000000;"";"";"";;;;"";
"ES001";"B0204";"";"COMPO";Interna;No;No;No;No;Vacío;No;No;"";"";"";"";"";"";0,000000000;0,000000;"";0,000000000;"";0,000000000;"";"";"";;;;"";
"ES001";"B0205";"";"COMPO";Interna;No;No;No;No;Vacío;No;No;"";"";"";"";"";"";0,000000000;0,000000;"";0,000000000;"";0,000000000;"";"";"";;;;"";
"ES001";"B0206";"";"ALTUR";Interna;No;No;No;No;Vacío;No;No;"";"";"";"";"";"";0,000000000;0,000000;"";0,000000000;"";0,000000000;"";"";"";;;;"";
"ES001";"B0301";"";"COMPO";Interna;No;No;No;No;Vacío;No;No;"";"";"";"";"";"";0,000000000;0,000000;"";0,000000000;"";0,000000000;"";"";"";;;;"";
"ES001";"B0302";"";"COMPO";Interna;No;No;No;No;Vacío;No;No;"";"";"";"";"";"";0,000000000;0,000000;"";0,000000000;"";0,000000000;"";"";"";;;;"";
"ES001";"B0303";"";"COMPO";Interna;No;No;No;No;Vacío;No;No;"";"";"";"";"";"";0,000000000;0,000000;"";0,000000000;"";0,000000000;"";"";"";;;;"";
"ES001";"B0304";"";"COMPO";Interna;No;No;No;No;Vacío;No;No;"";"";"";"";"";"";0,000000000;0,000000;"";0,000000000;"";0,000000000;"";"";"";;;;"";
"ES001";"B0305";"";"COMPO";Interna;No;No;No;No;Vacío;No;No;"";"";"";"";"";"";0,000000000;0,000000;"";0,000000000;"";0,000000000;"";"";"";;;;"";
"ES001";"B0306";"";"ALTUR";Interna;No;No;No;No;Vacío;No;No;"";"";"";"";"";"";0,000000000;0,000000;"";0,000000000;"";0,000000000;"";"";"";;;;"";
"ES001";"B0401";"";"COMPO";Interna;No;No;No;No;Vacío;No;No;"";"";"";"";"";"";0,000000000;0,000000;"";0,000000000;"";0,000000000;"";"";"";;;;"";
"ES001";"B0402";"";"COMPO";Interna;No;No;No;No;Vacío;No;No;"";"";"";"";"";"";0,000000000;0,000000;"";0,000000000;"";0,000000000;"";"";"";;;;"";
"ES001";"B0403";"";"COMPO";Interna;No;No;No;No;Vacío;No;No;"";"";"";"";"";"";0,000000000;0,000000;"";0,000000000;"";0,000000000;"";"";"";;;;"";
"ES001";"B0404";"";"COMPO";Interna;No;No;No;No;Vacío;No;No;"";"";"";"";"";"";0,000000000;0,000000;"";0,000000000;"";0,000000000;"";"";"";;;;"";
"ES001";"B0405";"";"COMPO";Interna;No;No;No;No;Vacío;No;No;"";"";"";"";"";"";0,000000000;0,000000;"";0,000000000;"";0,000000000;"";"";"";;;;"";
"ES001";"B0406";"";"ALTUR";Interna;No;No;No;No;Vacío;No;No;"";"";"";"";"";"";0,000000000;0,000000;"";0,000000000;"";0,000000000;"";"";"";;;;"";
"ES001";"C0101";"";"COMPO";Interna;No;No;No;No;Vacío;No;No;"";"";"";"";"";"";0,000000000;0,000000;"";0,000000000;"";0,000000000;"";"";"";;;;"";
"ES001";"C0102";"";"COMPO";Interna;No;No;No;No;Vacío;No;No;"";"";"";"";"";"";0,000000000;0,000000;"";0,000000000;"";0,000000000;"";"";"";;;;"";
"ES001";"C0103";"";"COMPO";Interna;No;No;No;No;Vacío;No;No;"";"";"";"";"";"";0,000000000;0,000000;"";0,000000000;"";0,000000000;"";"";"";;;;"";
"ES001";"C0104";"";"COMPO";Interna;No;No;No;No;Vacío;No;No;"";"";"";"";"";"";0,000000000;0,000000;"";0,000000000;"";0,000000000;"";"";"";;;;"";
"ES001";"C0105";"";"COMPO";Interna;No;No;No;No;Vacío;No;No;"";"";"";"";"";"";0,000000000;0,000000;"";0,000000000;"";0,000000000;"";"";"";;;;"";
"ES001";"C0106";"";"ALTUR";Interna;No;No;No;No;Vacío;No;No;"";"";"";"";"";"";0,000000000;0,000000;"";0,000000000;"";0,000000000;"";"";"";;;;"";
"ES001";"C0201";"";"MICRO";Interna;No;No;No;No;Vacío;No;No;"";"";"";"";"";"";0,000000000;0,000000;"";0,000000000;"";0,000000000;"";"";"";;;;"";
"ES001";"C0202";"";"MICRO";Interna;No;No;No;No;Vacío;No;No;"";"";"";"";"";"";0,000000000;0,000000;"";0,000000000;"";0,000000000;"";"";"";;;;"";
"ES001";"C0203";"";"MICRO";Interna;No;No;No;No;Vacío;No;No;"";"";"";"";"";"";0,000000000;0,000000;"";0,000000000;"";0,000000000;"";"";"";;;;"";
"ES001";"C0204";"";"MICRO";Interna;No;No;No;No;Vacío;No;No;"";"";"";"";"";"";0,000000000;0,000000;"";0,000000000;"";0,000000000;"";"";"";;;;"";
"ES001";"C0205";"";"MICRO";Interna;No;No;No;No;Vacío;No;No;"";"";"";"";"";"";0,000000000;0,000000;"";0,000000000;"";0,000000000;"";"";"";;;;"";
"ES001";"C0206";"";"ALTUR";Interna;No;No;No;No;Vacío;No;No;"";"";"";"";"";"";0,000000000;0,000000;"";0,000000000;"";0,000000000;"";"";"";;;;"";
"ES001";"C0301";"";"MICRO";Interna;No;No;No;No;Vacío;No;No;"";"";"";"";"";"";0,000000000;0,000000;"";0,000000000;"";0,000000000;"";"";"";;;;"";
"ES001";"C0302";"";"MICRO";Interna;No;No;No;No;Vacío;No;No;"";"";"";"";"";"";0,000000000;0,000000;"";0,000000000;"";0,000000000;"";"";"";;;;"";
"ES001";"C0303";"";"MICRO";Interna;No;No;No;No;Vacío;No;No;"";"";"";"";"";"";0,000000000;0,000000;"";0,000000000;"";0,000000000;"";"";"";;;;"";
"ES001";"C0304";"";"MICRO";Interna;No;No;No;No;Vacío;No;No;"";"";"";"";"";"";0,000000000;0,000000;"";0,000000000;"";0,000000000;"";"";"";;;;"";
"ES001";"C0305";"";"MICRO";Interna;No;No;No;No;Vacío;No;No;"";"";"";"";"";"";0,000000000;0,000000;"";0,000000000;"";0,000000000;"";"";"";;;;"";
"ES001";"C0306";"";"ALTUR";Interna;No;No;No;No;Vacío;No;No;"";"";"";"";"";"";0,000000000;0,000000;"";0,000000000;"";0,000000000;"";"";"";;;;"";
"ES001";"C0401";"";"MICRO";Interna;No;No;No;No;Vacío;No;No;"";"";"";"";"";"";0,000000000;0,000000;"";0,000000000;"";0,000000000;"";"";"";;;;"";
"ES001";"C0402";"";"MICRO";Interna;No;No;No;No;Vacío;No;No;"";"";"";"";"";"";0,000000000;0,000000;"";0,000000000;"";0,000000000;"";"";"";;;;"";
"ES001";"C0403";"";"MICRO";Interna;No;No;No;No;Vacío;No;No;"";"";"";"";"";"";0,000000000;0,000000;"";0,000000000;"";0,000000000;"";"";"";;;;"";
"ES001";"C0404";"";"MICRO";Interna;No;No;No;No;Vacío;No;No;"";"";"";"";"";"";0,000000000;0,000000;"";0,000000000;"";0,000000000;"";"";"";;;;"";
"ES001";"C0405";"";"MICRO";Interna;No;No;No;No;Vacío;No;No;"";"";"";"";"";"";0,000000000;0,000000;"";0,000000000;"";0,000000000;"";"";"";;;;"";
"ES001";"C0406";"";"ALTUR";Interna;No;No;No;No;Vacío;No;No;"";"";"";"";"";"";0,000000000;0,000000;"";0,000000000;"";0,000000000;"";"";"";;;;"";
"ES001";"D0101";"";"REACT";Interna;No;No;No;No;Vacío;No;No;"";"";"";"";"";"";0,000000000;0,000000;"";0,000000000;"";0,000000000;"";"";"";;;;"";
"ES001";"D0102";"";"REACT";Interna;No;No;No;No;Vacío;No;No;"";"";"";"";"";"";0,000000000;0,000000;"";0,000000000;"";0,000000000;"";"";"";;;;"";
"ES001";"D0103";"";"REACT";Interna;No;No;No;No;Vacío;No;No;"";"";"";"";"";"";0,000000000;0,000000;"";0,000000000;"";0,000000000;"";"";"";;;;"";
"ES001";"D0104";"";"REACT";Interna;No;No;No;No;Vacío;No;No;"";"";"";"";"";"";0,000000000;0,000000;"";0,000000000;"";0,000000000;"";"";"";;;;"";
"ES001";"D0105";"";"OFIC";Interna;No;No;No;No;Vacío;No;No;"";"";"";"";"";"";0,000000000;0,000000;"";0,000000000;"";0,000000000;"";"";"";;;;"";
"ES001";"D0201";"";"REACT";Interna;No;No;No;No;Vacío;No;No;"";"";"";"";"";"";0,000000000;0,000000;"";0,000000000;"";0,000000000;"";"";"";;;;"";
"ES001";"D0202";"";"REACT";Interna;No;No;No;No;Vacío;No;No;"";"";"";"";"";"";0,000000000;0,000000;"";0,000000000;"";0,000000000;"";"";"";;;;"";
"ES001";"D0203";"";"REACT";Interna;No;No;No;No;Vacío;No;No;"";"";"";"";"";"";0,000000000;0,000000;"";0,000000000;"";0,000000000;"";"";"";;;;"";
"ES001";"D0204";"";"REACT";Interna;No;No;No;No;Vacío;No;No;"";"";"";"";"";"";0,000000000;0,000000;"";0,000000000;"";0,000000000;"";"";"";;;;"";
"ES001";"D0205";"";"OFIC";Interna;No;No;No;No;Vacío;No;No;"";"";"";"";"";"";0,000000000;0,000000;"";0,000000000;"";0,000000000;"";"";"";;;;"";
"ES001";"D0301";"";"REACT";Interna;No;No;No;No;Vacío;No;No;"";"";"";"";"";"";0,000000000;0,000000;"";0,000000000;"";0,000000000;"";"";"";;;;"";
"ES001";"D0302";"";"REACT";Interna;No;No;No;No;Vacío;No;No;"";"";"";"";"";"";0,000000000;0,000000;"";0,000000000;"";0,000000000;"";"";"";;;;"";
"ES001";"D0303";"";"REACT";Interna;No;No;No;No;Vacío;No;No;"";"";"";"";"";"";0,000000000;0,000000;"";0,000000000;"";0,000000000;"";"";"";;;;"";
"ES001";"D0304";"";"REACT";Interna;No;No;No;No;Vacío;No;No;"";"";"";"";"";"";0,000000000;0,000000;"";0,000000000;"";0,000000000;"";"";"";;;;"";
"ES001";"D0305";"";"OFIC";Interna;No;No;No;No;Vacío;No;No;"";"";"";"";"";"";0,000000000;0,000000;"";0,000000000;"";0,000000000;"";"";"";;;;"";
"ES001";"D0401";"";"REACT";Interna;No;No;No;No;Vacío;No;No;"";"";"";"";"";"";0,000000000;0,000000;"";0,000000000;"";0,000000000;"";"";"";;;;"";
"ES001";"D0402";"";"REACT";Interna;No;No;No;No;Vacío;No;No;"";"";"";"";"";"";0,000000000;0,000000;"";0,000000000;"";0,000000000;"";"";"";;;;"";
"ES001";"D0403";"";"REACT";Interna;No;No;No;No;Vacío;No;No;"";"";"";"";"";"";0,000000000;0,000000;"";0,000000000;"";0,000000000;"";"";"";;;;"";
"ES001";"D0404";"";"REACT";Interna;No;No;No;No;Vacío;No;No;"";"";"";"";"";"";0,000000000;0,000000;"";0,000000000;"";0,000000000;"";"";"";;;;"";
"ES001";"D0405";"";"OFIC";Interna;No;No;No;No;Vacío;No;No;"";"";"";"";"";"";0,000000000;0,000000;"";0,000000000;"";0,000000000;"";"";"";;;;"";
"ES001";"E0101";"";"REACT";Interna;No;No;No;No;Vacío;No;No;"";"";"";"";"";"";0,000000000;0,000000;"";0,000000000;"";0,000000000;"";"";"";;;;"";
"ES001";"E0102";"";"REACT";Interna;No;No;No;No;Vacío;No;No;"";"";"";"";"";"";0,000000000;0,000000;"";0,000000000;"";0,000000000;"";"";"";;;;"";
"ES001";"E0103";"";"REACT";Interna;No;No;No;No;Vacío;No;No;"";"";"";"";"";"";0,000000000;0,000000;"";0,000000000;"";0,000000000;"";"";"";;;;"";
"ES001";"E0104";"";"REACT";Interna;No;No;No;No;Vacío;No;No;"";"";"";"";"";"";0,000000000;0,000000;"";0,000000000;"";0,000000000;"";"";"";;;;"";
"ES001";"E0105";"";"OFIC";Interna;No;No;No;No;Vacío;No;No;"";"";"";"";"";"";0,000000000;0,000000;"";0,000000000;"";0,000000000;"";"";"";;;;"";
"ES001";"E0201";"";"REACT";Interna;No;No;No;No;Vacío;No;No;"";"";"";"";"";"";0,000000000;0,000000;"";0,000000000;"";0,000000000;"";"";"";;;;"";
"ES001";"E0202";"";"REACT";Interna;No;No;No;No;Vacío;No;No;"";"";"";"";"";"";0,000000000;0,000000;"";0,000000000;"";0,000000000;"";"";"";;;;"";
"ES001";"E0203";"";"REACT";Interna;No;No;No;No;Vacío;No;No;"";"";"";"";"";"";0,000000000;0,000000;"";0,000000000;"";0,000000000;"";"";"";;;;"";
"ES001";"E0204";"";"REACT";Interna;No;No;No;No;Vacío;No;No;"";"";"";"";"";"";0,000000000;0,000000;"";0,000000000;"";0,000000000;"";"";"";;;;"";
"ES001";"E0205";"";"OFIC";Interna;No;No;No;No;Vacío;No;No;"";"";"";"";"";"";0,000000000;0,000000;"";0,000000000;"";0,000000000;"";"";"";;;;"";
"ES001";"E0301";"";"REACT";Interna;No;No;No;No;Vacío;No;No;"";"";"";"";"";"";0,000000000;0,000000;"";0,000000000;"";0,000000000;"";"";"";;;;"";
"ES001";"E0302";"";"REACT";Interna;No;No;No;No;Vacío;No;No;"";"";"";"";"";"";0,000000000;0,000000;"";0,000000000;"";0,000000000;"";"";"";;;;"";
"ES001";"E0303";"";"REACT";Interna;No;No;No;No;Vacío;No;No;"";"";"";"";"";"";0,000000000;0,000000;"";0,000000000;"";0,000000000;"";"";"";;;;"";
"ES001";"E0304";"";"REACT";Interna;No;No;No;No;Vacío;No;No;"";"";"";"";"";"";0,000000000;0,000000;"";0,000000000;"";0,000000000;"";"";"";;;;"";
"ES001";"E0305";"";"OFIC";Interna;No;No;No;No;Vacío;No;No;"";"";"";"";"";"";0,000000000;0,000000;"";0,000000000;"";0,000000000;"";"";"";;;;"";
"ES001";"E0401";"";"REACT";Interna;No;No;No;No;Vacío;No;No;"";"";"";"";"";"";0,000000000;0,000000;"";0,000000000;"";0,000000000;"";"";"";;;;"";
"ES001";"E0402";"";"REACT";Interna;No;No;No;No;Vacío;No;No;"";"";"";"";"";"";0,000000000;0,000000;"";0,000000000;"";0,000000000;"";"";"";;;;"";
"ES001";"E0403";"";"REACT";Interna;No;No;No;No;Vacío;No;No;"";"";"";"";"";"";0,000000000;0,000000;"";0,000000000;"";0,000000000;"";"";"";;;;"";
"ES001";"E0404";"";"REACT";Interna;No;No;No;No;Vacío;No;No;"";"";"";"";"";"";0,000000000;0,000000;"";0,000000000;"";0,000000000;"";"";"";;;;"";
"ES001";"E0405";"";"OFIC";Interna;No;No;No;No;Vacío;No;No;"";"";"";"";"";"";0,000000000;0,000000;"";0,000000000;"";0,000000000;"";"";"";;;;"";
"ES001";"F0101";"";"CONSU";Interna;No;No;No;No;Ocupado;No;Sí;"YACH-00001";"PRUEBA 1";"L26020132";"00001";"";"UN";1,000000000;1,000000;"UN";1,000000000;"A";0,000000000;"";"";"TEST1";;03/03/2026;;"";
"ES001";"F0101";"";"CONSU";Interna;No;No;No;No;Ocupado;No;Sí;"YACH-00001";"PRUEBA 1";"L26020141";"00001";"";"UN";1,000000000;1,000000;"UN";1,000000000;"A";0,000000000;"";"";"test2";;03/03/2026;;"";
"ES001";"F0101";"";"CONSU";Interna;No;No;No;No;Ocupado;No;Sí;"YACH-00002";"PRUEBA 2";"L26020156";"00001";"";"UN";50,000000000;1,000000;"UN";50,000000000;"A";50,000000000;"";"";"";;26/02/2026;;"";
"ES001";"F0101";"";"CONSU";Interna;No;No;No;No;Ocupado;No;Sí;"YACH-00002";"PRUEBA 2";"L26020383";"00001";"";"UN";50,000000000;1,000000;"UN";50,000000000;"A";30,000000000;"";"";"";;06/02/2026;;"";
"ES001";"F0102";"";"CONSU";Interna;No;No;No;No;Vacío;No;No;"";"";"";"";"";"";0,000000000;0,000000;"";0,000000000;"";0,000000000;"";"";"";;;;"";
"ES001";"F0103";"";"CONSU";Interna;No;No;No;No;Vacío;No;No;"";"";"";"";"";"";0,000000000;0,000000;"";0,000000000;"";0,000000000;"";"";"";;;;"";
"ES001";"F0104";"";"CONSU";Interna;No;No;No;No;Vacío;No;No;"";"";"";"";"";"";0,000000000;0,000000;"";0,000000000;"";0,000000000;"";"";"";;;;"";
"ES001";"F0105";"";"CONSU";Interna;No;No;No;No;Vacío;No;No;"";"";"";"";"";"";0,000000000;0,000000;"";0,000000000;"";0,000000000;"";"";"";;;;"";
"ES001";"F0106";"";"ALTUR";Interna;No;No;No;No;Vacío;No;No;"";"";"";"";"";"";0,000000000;0,000000;"";0,000000000;"";0,000000000;"";"";"";;;;"";
"ES001";"F0201";"";"CONSU";Interna;No;No;No;No;Vacío;No;No;"";"";"";"";"";"";0,000000000;0,000000;"";0,000000000;"";0,000000000;"";"";"";;;;"";
"ES001";"F0202";"";"CONSU";Interna;No;No;No;No;Vacío;No;No;"";"";"";"";"";"";0,000000000;0,000000;"";0,000000000;"";0,000000000;"";"";"";;;;"";
"ES001";"F0203";"";"CONSU";Interna;No;No;No;No;Vacío;No;No;"";"";"";"";"";"";0,000000000;0,000000;"";0,000000000;"";0,000000000;"";"";"";;;;"";
"ES001";"F0204";"";"CONSU";Interna;No;No;No;No;Vacío;No;No;"";"";"";"";"";"";0,000000000;0,000000;"";0,000000000;"";0,000000000;"";"";"";;;;"";
"ES001";"F0205";"";"CONSU";Interna;No;No;No;No;Vacío;No;No;"";"";"";"";"";"";0,000000000;0,000000;"";0,000000000;"";0,000000000;"";"";"";;;;"";
"ES001";"F0206";"";"ALTUR";Interna;No;No;No;No;Vacío;No;No;"";"";"";"";"";"";0,000000000;0,000000;"";0,000000000;"";0,000000000;"";"";"";;;;"";
"ES001";"F0301";"";"CONSU";Interna;No;No;No;No;Vacío;No;No;"";"";"";"";"";"";0,000000000;0,000000;"";0,000000000;"";0,000000000;"";"";"";;;;"";
"ES001";"F0302";"";"CONSU";Interna;No;No;No;No;Vacío;No;No;"";"";"";"";"";"";0,000000000;0,000000;"";0,000000000;"";0,000000000;"";"";"";;;;"";
"ES001";"F0303";"";"CONSU";Interna;No;No;No;No;Vacío;No;No;"";"";"";"";"";"";0,000000000;0,000000;"";0,000000000;"";0,000000000;"";"";"";;;;"";
"ES001";"F0304";"";"CONSU";Interna;No;No;No;No;Vacío;No;No;"";"";"";"";"";"";0,000000000;0,000000;"";0,000000000;"";0,000000000;"";"";"";;;;"";
"ES001";"F0305";"";"CONSU";Interna;No;No;No;No;Vacío;No;No;"";"";"";"";"";"";0,000000000;0,000000;"";0,000000000;"";0,000000000;"";"";"";;;;"";
"ES001";"F0306";"";"ALTUR";Interna;No;No;No;No;Vacío;No;No;"";"";"";"";"";"";0,000000000;0,000000;"";0,000000000;"";0,000000000;"";"";"";;;;"";
"ES001";"F0401";"";"CONSU";Interna;No;No;No;No;Vacío;No;No;"";"";"";"";"";"";0,000000000;0,000000;"";0,000000000;"";0,000000000;"";"";"";;;;"";
"ES001";"F0402";"";"CONSU";Interna;No;No;No;No;Vacío;No;No;"";"";"";"";"";"";0,000000000;0,000000;"";0,000000000;"";0,000000000;"";"";"";;;;"";
"ES001";"F0403";"";"CONSU";Interna;No;No;No;No;Vacío;No;No;"";"";"";"";"";"";0,000000000;0,000000;"";0,000000000;"";0,000000000;"";"";"";;;;"";
"ES001";"F0404";"";"CONSU";Interna;No;No;No;No;Vacío;No;No;"";"";"";"";"";"";0,000000000;0,000000;"";0,000000000;"";0,000000000;"";"";"";;;;"";
"ES001";"F0405";"";"CONSU";Interna;No;No;No;No;Vacío;No;No;"";"";"";"";"";"";0,000000000;0,000000;"";0,000000000;"";0,000000000;"";"";"";;;;"";
"ES001";"F0406";"";"ALTUR";Interna;No;No;No;No;Vacío;No;No;"";"";"";"";"";"";0,000000000;0,000000;"";0,000000000;"";0,000000000;"";"";"";;;;"";
"ES001";"G0101";"";"CONSU";Interna;No;No;No;No;Vacío;No;No;"";"";"";"";"";"";0,000000000;0,000000;"";0,000000000;"";0,000000000;"";"";"";;;;"";
"ES001";"G0102";"";"CONSU";Interna;No;No;No;No;Vacío;No;No;"";"";"";"";"";"";0,000000000;0,000000;"";0,000000000;"";0,000000000;"";"";"";;;;"";
"ES001";"G0103";"";"CONSU";Interna;No;No;No;No;Vacío;No;No;"";"";"";"";"";"";0,000000000;0,000000;"";0,000000000;"";0,000000000;"";"";"";;;;"";
"ES001";"G0104";"";"CONSU";Interna;No;No;No;No;Vacío;No;No;"";"";"";"";"";"";0,000000000;0,000000;"";0,000000000;"";0,000000000;"";"";"";;;;"";
"ES001";"G0105";"";"CONSU";Interna;No;No;No;No;Vacío;No;No;"";"";"";"";"";"";0,000000000;0,000000;"";0,000000000;"";0,000000000;"";"";"";;;;"";
"ES001";"G0106";"";"ALTUR";Interna;No;No;No;No;Vacío;No;No;"";"";"";"";"";"";0,000000000;0,000000;"";0,000000000;"";0,000000000;"";"";"";;;;"";
"ES001";"G0201";"";"CONSU";Interna;No;No;No;No;Vacío;No;No;"";"";"";"";"";"";0,000000000;0,000000;"";0,000000000;"";0,000000000;"";"";"";;;;"";
"ES001";"G0202";"";"CONSU";Interna;No;No;No;No;Vacío;No;No;"";"";"";"";"";"";0,000000000;0,000000;"";0,000000000;"";0,000000000;"";"";"";;;;"";
"ES001";"G0203";"";"CONSU";Interna;No;No;No;No;Vacío;No;No;"";"";"";"";"";"";0,000000000;0,000000;"";0,000000000;"";0,000000000;"";"";"";;;;"";
"ES001";"G0204";"";"CONSU";Interna;No;No;No;No;Vacío;No;No;"";"";"";"";"";"";0,000000000;0,000000;"";0,000000000;"";0,000000000;"";"";"";;;;"";
"ES001";"G0205";"";"CONSU";Interna;No;No;No;No;Vacío;No;No;"";"";"";"";"";"";0,000000000;0,000000;"";0,000000000;"";0,000000000;"";"";"";;;;"";
"ES001";"G0206";"";"ALTUR";Interna;No;No;No;No;Vacío;No;No;"";"";"";"";"";"";0,000000000;0,000000;"";0,000000000;"";0,000000000;"";"";"";;;;"";
"ES001";"G0301";"";"CONSU";Interna;No;No;No;No;Vacío;No;No;"";"";"";"";"";"";0,000000000;0,000000;"";0,000000000;"";0,000000000;"";"";"";;;;"";
"ES001";"G0302";"";"CONSU";Interna;No;No;No;No;Vacío;No;No;"";"";"";"";"";"";0,000000000;0,000000;"";0,000000000;"";0,000000000;"";"";"";;;;"";
"ES001";"G0303";"";"CONSU";Interna;No;No;No;No;Vacío;No;No;"";"";"";"";"";"";0,000000000;0,000000;"";0,000000000;"";0,000000000;"";"";"";;;;"";
"ES001";"G0304";"";"CONSU";Interna;No;No;No;No;Vacío;No;No;"";"";"";"";"";"";0,000000000;0,000000;"";0,000000000;"";0,000000000;"";"";"";;;;"";
"ES001";"G0305";"";"CONSU";Interna;No;No;No;No;Vacío;No;No;"";"";"";"";"";"";0,000000000;0,000000;"";0,000000000;"";0,000000000;"";"";"";;;;"";
"ES001";"G0306";"";"ALTUR";Interna;No;No;No;No;Vacío;No;No;"";"";"";"";"";"";0,000000000;0,000000;"";0,000000000;"";0,000000000;"";"";"";;;;"";
"ES001";"G0401";"";"CONSU";Interna;No;No;No;No;Vacío;No;No;"";"";"";"";"";"";0,000000000;0,000000;"";0,000000000;"";0,000000000;"";"";"";;;;"";
"ES001";"G0402";"";"CONSU";Interna;No;No;No;No;Vacío;No;No;"";"";"";"";"";"";0,000000000;0,000000;"";0,000000000;"";0,000000000;"";"";"";;;;"";
"ES001";"G0403";"";"CONSU";Interna;No;No;No;No;Vacío;No;No;"";"";"";"";"";"";0,000000000;0,000000;"";0,000000000;"";0,000000000;"";"";"";;;;"";
"ES001";"G0404";"";"CONSU";Interna;No;No;No;No;Vacío;No;No;"";"";"";"";"";"";0,000000000;0,000000;"";0,000000000;"";0,000000000;"";"";"";;;;"";
"ES001";"G0405";"";"CONSU";Interna;No;No;No;No;Vacío;No;No;"";"";"";"";"";"";0,000000000;0,000000;"";0,000000000;"";0,000000000;"";"";"";;;;"";
"ES001";"G0406";"";"ALTUR";Interna;No;No;No;No;Vacío;No;No;"";"";"";"";"";"";0,000000000;0,000000;"";0,000000000;"";0,000000000;"";"";"";;;;"";
"ES001";"H0101";"";"CONSU";Interna;No;No;No;No;Vacío;No;No;"";"";"";"";"";"";0,000000000;0,000000;"";0,000000000;"";0,000000000;"";"";"";;;;"";
"ES001";"H0102";"";"CONSU";Interna;No;No;No;No;Vacío;No;No;"";"";"";"";"";"";0,000000000;0,000000;"";0,000000000;"";0,000000000;"";"";"";;;;"";
"ES001";"H0103";"";"CONSU";Interna;No;No;No;No;Vacío;No;No;"";"";"";"";"";"";0,000000000;0,000000;"";0,000000000;"";0,000000000;"";"";"";;;;"";
"ES001";"H0104";"";"CONSU";Interna;No;No;No;No;Vacío;No;No;"";"";"";"";"";"";0,000000000;0,000000;"";0,000000000;"";0,000000000;"";"";"";;;;"";
"ES001";"H0105";"";"CONSU";Interna;No;No;No;No;Vacío;No;No;"";"";"";"";"";"";0,000000000;0,000000;"";0,000000000;"";0,000000000;"";"";"";;;;"";
"ES001";"H0106";"";"ALTUR";Interna;No;No;No;No;Vacío;No;No;"";"";"";"";"";"";0,000000000;0,000000;"";0,000000000;"";0,000000000;"";"";"";;;;"";
"ES001";"H0201";"";"CONSU";Interna;No;No;No;No;Vacío;No;No;"";"";"";"";"";"";0,000000000;0,000000;"";0,000000000;"";0,000000000;"";"";"";;;;"";
"ES001";"H0202";"";"CONSU";Interna;No;No;No;No;Vacío;No;No;"";"";"";"";"";"";0,000000000;0,000000;"";0,000000000;"";0,000000000;"";"";"";;;;"";
"ES001";"H0203";"";"CONSU";Interna;No;No;No;No;Vacío;No;No;"";"";"";"";"";"";0,000000000;0,000000;"";0,000000000;"";0,000000000;"";"";"";;;;"";
"ES001";"H0204";"";"CONSU";Interna;No;No;No;No;Vacío;No;No;"";"";"";"";"";"";0,000000000;0,000000;"";0,000000000;"";0,000000000;"";"";"";;;;"";
"ES001";"H0205";"";"CONSU";Interna;No;No;No;No;Vacío;No;No;"";"";"";"";"";"";0,000000000;0,000000;"";0,000000000;"";0,000000000;"";"";"";;;;"";
"ES001";"H0206";"";"ALTUR";Interna;No;No;No;No;Vacío;No;No;"";"";"";"";"";"";0,000000000;0,000000;"";0,000000000;"";0,000000000;"";"";"";;;;"";
"ES001";"H0301";"";"CONSU";Interna;No;No;No;No;Vacío;No;No;"";"";"";"";"";"";0,000000000;0,000000;"";0,000000000;"";0,000000000;"";"";"";;;;"";
"ES001";"H0302";"";"CONSU";Interna;No;No;No;No;Vacío;No;No;"";"";"";"";"";"";0,000000000;0,000000;"";0,000000000;"";0,000000000;"";"";"";;;;"";
"ES001";"H0303";"";"CONSU";Interna;No;No;No;No;Vacío;No;No;"";"";"";"";"";"";0,000000000;0,000000;"";0,000000000;"";0,000000000;"";"";"";;;;"";
"ES001";"H0304";"";"CONSU";Interna;No;No;No;No;Vacío;No;No;"";"";"";"";"";"";0,000000000;0,000000;"";0,000000000;"";0,000000000;"";"";"";;;;"";
"ES001";"H0305";"";"CONSU";Interna;No;No;No;No;Vacío;No;No;"";"";"";"";"";"";0,000000000;0,000000;"";0,000000000;"";0,000000000;"";"";"";;;;"";
"ES001";"H0306";"";"ALTUR";Interna;No;No;No;No;Vacío;No;No;"";"";"";"";"";"";0,000000000;0,000000;"";0,000000000;"";0,000000000;"";"";"";;;;"";
"ES001";"H0401";"";"CONSU";Interna;No;No;No;No;Vacío;No;No;"";"";"";"";"";"";0,000000000;0,000000;"";0,000000000;"";0,000000000;"";"";"";;;;"";
"ES001";"H0402";"";"CONSU";Interna;No;No;No;No;Vacío;No;No;"";"";"";"";"";"";0,000000000;0,000000;"";0,000000000;"";0,000000000;"";"";"";;;;"";
"ES001";"H0403";"";"CONSU";Interna;No;No;No;No;Vacío;No;No;"";"";"";"";"";"";0,000000000;0,000000;"";0,000000000;"";0,000000000;"";"";"";;;;"";
"ES001";"H0404";"";"CONSU";Interna;No;No;No;No;Vacío;No;No;"";"";"";"";"";"";0,000000000;0,000000;"";0,000000000;"";0,000000000;"";"";"";;;;"";
"ES001";"H0405";"";"CONSU";Interna;No;No;No;No;Vacío;No;No;"";"";"";"";"";"";0,000000000;0,000000;"";0,000000000;"";0,000000000;"";"";"";;;;"";
"ES001";"H0406";"";"ALTUR";Interna;No;No;No;No;Ocupado;No;No;"LIMPI-00124";"CUBO PLASTICO 12 L.";"";"";"";"UN";10,000000000;1,000000;"UN";10,000000000;"A";0,000000000;"";"";"";;02/03/2026;;"";
"ES001";"I0106";"";"ALTUR";Interna;No;No;No;No;Vacío;No;No;"";"";"";"";"";"";0,000000000;0,000000;"";0,000000000;"";0,000000000;"";"";"";;;;"";
"ES001";"I0206";"";"ALTUR";Interna;No;No;No;No;Vacío;No;No;"";"";"";"";"";"";0,000000000;0,000000;"";0,000000000;"";0,000000000;"";"";"";;;;"";
"ES001";"I0306";"";"ALTUR";Interna;No;No;No;No;Vacío;No;No;"";"";"";"";"";"";0,000000000;0,000000;"";0,000000000;"";0,000000000;"";"";"";;;;"";
"ES001";"I0401";"";"PREVE";Interna;No;No;No;No;Vacío;No;No;"";"";"";"";"";"";0,000000000;0,000000;"";0,000000000;"";0,000000000;"";"";"";;;;"";
"ES001";"I0402";"";"PREVE";Interna;No;No;No;No;Vacío;No;No;"";"";"";"";"";"";0,000000000;0,000000;"";0,000000000;"";0,000000000;"";"";"";;;;"";
"ES001";"I0403";"";"PREVE";Interna;No;No;No;No;Vacío;No;No;"";"";"";"";"";"";0,000000000;0,000000;"";0,000000000;"";0,000000000;"";"";"";;;;"";
"ES001";"I0404";"";"PREVE";Interna;No;No;No;No;Vacío;No;No;"";"";"";"";"";"";0,000000000;0,000000;"";0,000000000;"";0,000000000;"";"";"";;;;"";
"ES001";"I0405";"";"PREVE";Interna;No;No;No;No;Vacío;No;No;"";"";"";"";"";"";0,000000000;0,000000;"";0,000000000;"";0,000000000;"";"";"";;;;"";
"ES001";"I0406";"";"ALTUR";Interna;No;No;No;No;Vacío;No;No;"";"";"";"";"";"";0,000000000;0,000000;"";0,000000000;"";0,000000000;"";"";"";;;;"";
"ES001";"J0101";"";"CONSU";Interna;No;No;No;No;Vacío;No;No;"";"";"";"";"";"";0,000000000;0,000000;"";0,000000000;"";0,000000000;"";"";"";;;;"";
"ES001";"J0102";"";"CONSU";Interna;No;No;No;No;Vacío;No;No;"";"";"";"";"";"";0,000000000;0,000000;"";0,000000000;"";0,000000000;"";"";"";;;;"";
"ES001";"J0103";"";"CONSU";Interna;No;No;No;No;Vacío;No;No;"";"";"";"";"";"";0,000000000;0,000000;"";0,000000000;"";0,000000000;"";"";"";;;;"";
"ES001";"J0104";"";"CONSU";Interna;No;No;No;No;Vacío;No;No;"";"";"";"";"";"";0,000000000;0,000000;"";0,000000000;"";0,000000000;"";"";"";;;;"";
"ES001";"K0101";"";"SUELO";Interna;No;No;No;No;Vacío;No;No;"";"";"";"";"";"";0,000000000;0,000000;"";0,000000000;"";0,000000000;"";"";"";;;;"";
"ES001";"K0201";"";"SUELO";Interna;No;No;No;No;Vacío;No;No;"";"";"";"";"";"";0,000000000;0,000000;"";0,000000000;"";0,000000000;"";"";"";;;;"";
"ES001";"K0301";"";"SUELO";Interna;No;No;No;No;Vacío;No;No;"";"";"";"";"";"";0,000000000;0,000000;"";0,000000000;"";0,000000000;"";"";"";;;;"";
"ES001";"K0401";"";"SUELO";Interna;No;No;No;No;Vacío;No;No;"";"";"";"";"";"";0,000000000;0,000000;"";0,000000000;"";0,000000000;"";"";"";;;;"";
"ES001";"K0501";"";"SUELO";Interna;No;No;No;No;Vacío;No;No;"";"";"";"";"";"";0,000000000;0,000000;"";0,000000000;"";0,000000000;"";"";"";;;;"";
"ES001";"K0601";"";"SUELO";Interna;No;No;No;No;Vacío;No;No;"";"";"";"";"";"";0,000000000;0,000000;"";0,000000000;"";0,000000000;"";"";"";;;;"";
"ES001";"L0101";"";"INFLA";Interna;No;No;No;No;Vacío;No;No;"";"";"";"";"";"";0,000000000;0,000000;"";0,000000000;"";0,000000000;"";"";"";;;;"";
"ES001";"L0102";"";"INFLA";Interna;No;No;No;No;Vacío;No;No;"";"";"";"";"";"";0,000000000;0,000000;"";0,000000000;"";0,000000000;"";"";"";;;;"";
"ES001";"L0103";"";"INFLA";Interna;No;No;No;No;Vacío;No;No;"";"";"";"";"";"";0,000000000;0,000000;"";0,000000000;"";0,000000000;"";"";"";;;;"";
"ES001";"L0104";"";"INFLA";Interna;No;No;No;No;Vacío;No;No;"";"";"";"";"";"";0,000000000;0,000000;"";0,000000000;"";0,000000000;"";"";"";;;;"";
"ES001";"L0201";"";"INFLA";Interna;No;No;No;No;Vacío;No;No;"";"";"";"";"";"";0,000000000;0,000000;"";0,000000000;"";0,000000000;"";"";"";;;;"";
"ES001";"L0202";"";"INFLA";Interna;No;No;No;No;Vacío;No;No;"";"";"";"";"";"";0,000000000;0,000000;"";0,000000000;"";0,000000000;"";"";"";;;;"";
"ES001";"L0203";"";"INFLA";Interna;No;No;No;No;Vacío;No;No;"";"";"";"";"";"";0,000000000;0,000000;"";0,000000000;"";0,000000000;"";"";"";;;;"";
"ES001";"L0204";"";"INFLA";Interna;No;No;No;No;Vacío;No;No;"";"";"";"";"";"";0,000000000;0,000000;"";0,000000000;"";0,000000000;"";"";"";;;;"";
"ES001";"L0301";"";"INFLA";Interna;No;No;No;No;Vacío;No;No;"";"";"";"";"";"";0,000000000;0,000000;"";0,000000000;"";0,000000000;"";"";"";;;;"";
"ES001";"L0302";"";"INFLA";Interna;No;No;No;No;Vacío;No;No;"";"";"";"";"";"";0,000000000;0,000000;"";0,000000000;"";0,000000000;"";"";"";;;;"";
"ES001";"L0303";"";"INFLA";Interna;No;No;No;No;Vacío;No;No;"";"";"";"";"";"";0,000000000;0,000000;"";0,000000000;"";0,000000000;"";"";"";;;;"";
"ES001";"L0304";"";"INFLA";Interna;No;No;No;No;Vacío;No;No;"";"";"";"";"";"";0,000000000;0,000000;"";0,000000000;"";0,000000000;"";"";"";;;;"";
"ES001";"M0201";"";"INFLA";Interna;No;No;No;No;Vacío;No;No;"";"";"";"";"";"";0,000000000;0,000000;"";0,000000000;"";0,000000000;"";"";"";;;;"";
"ES001";"M0202";"";"INFLA";Interna;No;No;No;No;Vacío;No;No;"";"";"";"";"";"";0,000000000;0,000000;"";0,000000000;"";0,000000000;"";"";"";;;;"";
"ES001";"M0203";"";"INFLA";Interna;No;No;No;No;Vacío;No;No;"";"";"";"";"";"";0,000000000;0,000000;"";0,000000000;"";0,000000000;"";"";"";;;;"";
"ES001";"M0204";"";"INFLA";Interna;No;No;No;No;Vacío;No;No;"";"";"";"";"";"";0,000000000;0,000000;"";0,000000000;"";0,000000000;"";"";"";;;;"";
"ES001";"N0101";"";"SUELO";Interna;No;No;No;No;Vacío;No;No;"";"";"";"";"";"";0,000000000;0,000000;"";0,000000000;"";0,000000000;"";"";"";;;;"";
"ES001";"N0201";"";"SUELO";Interna;No;No;No;No;Vacío;No;No;"";"";"";"";"";"";0,000000000;0,000000;"";0,000000000;"";0,000000000;"";"";"";;;;"";
"ES001";"N0301";"";"SUELO";Interna;No;No;No;No;Vacío;No;No;"";"";"";"";"";"";0,000000000;0,000000;"";0,000000000;"";0,000000000;"";"";"";;;;"";
"ES001";"N0401";"";"SUELO";Interna;No;No;No;No;Vacío;No;No;"";"";"";"";"";"";0,000000000;0,000000;"";0,000000000;"";0,000000000;"";"";"";;;;"";
"ES001";"N0501";"";"SUELO";Interna;No;No;No;No;Vacío;No;No;"";"";"";"";"";"";0,000000000;0,000000;"";0,000000000;"";0,000000000;"";"";"";;;;"";
"ES001";"N0601";"";"SUELO";Interna;No;No;No;No;Vacío;No;No;"";"";"";"";"";"";0,000000000;0,000000;"";0,000000000;"";0,000000000;"";"";"";;;;"";
"ES001";"N0701";"";"SUELO";Interna;No;No;No;No;Vacío;No;No;"";"";"";"";"";"";0,000000000;0,000000;"";0,000000000;"";0,000000000;"";"";"";;;;"";
"ES001";"N0801";"";"SUELO";Interna;No;No;No;No;Vacío;No;No;"";"";"";"";"";"";0,000000000;0,000000;"";0,000000000;"";0,000000000;"";"";"";;;;"";
"ES001";"N0901";"";"SUELO";Interna;No;No;No;No;Vacío;No;No;"";"";"";"";"";"";0,000000000;0,000000;"";0,000000000;"";0,000000000;"";"";"";;;;"";
"ES001";"N1001";"";"SUELO";Interna;No;No;No;No;Vacío;No;No;"";"";"";"";"";"";0,000000000;0,000000;"";0,000000000;"";0,000000000;"";"";"";;;;"";
"ES001";"O0101";"";"SOMA";Interna;No;No;No;No;Vacío;No;No;"";"";"";"";"";"";0,000000000;0,000000;"";0,000000000;"";0,000000000;"";"";"";;;;"";
"ES001";"O0102";"";"SOMA";Interna;No;No;No;No;Vacío;No;No;"";"";"";"";"";"";0,000000000;0,000000;"";0,000000000;"";0,000000000;"";"";"";;;;"";
"ES001";"O0103";"";"SOMA";Interna;No;No;No;No;Vacío;No;No;"";"";"";"";"";"";0,000000000;0,000000;"";0,000000000;"";0,000000000;"";"";"";;;;"";
"ES001";"O0104";"";"SOMA";Interna;No;No;No;No;Vacío;No;No;"";"";"";"";"";"";0,000000000;0,000000;"";0,000000000;"";0,000000000;"";"";"";;;;"";
"ES001";"O0201";"";"SOMA";Interna;No;No;No;No;Vacío;No;No;"";"";"";"";"";"";0,000000000;0,000000;"";0,000000000;"";0,000000000;"";"";"";;;;"";
"ES001";"O0202";"";"SOMA";Interna;No;No;No;No;Vacío;No;No;"";"";"";"";"";"";0,000000000;0,000000;"";0,000000000;"";0,000000000;"";"";"";;;;"";
"ES001";"O0203";"";"SOMA";Interna;No;No;No;No;Vacío;No;No;"";"";"";"";"";"";0,000000000;0,000000;"";0,000000000;"";0,000000000;"";"";"";;;;"";
"ES001";"O0204";"";"SOMA";Interna;No;No;No;No;Vacío;No;No;"";"";"";"";"";"";0,000000000;0,000000;"";0,000000000;"";0,000000000;"";"";"";;;;"";
"ES001";"P0501";"";"SOMA";Interna;No;No;No;No;Vacío;No;No;"";"";"";"";"";"";0,000000000;0,000000;"";0,000000000;"";0,000000000;"";"";"";;;;"";
"ES001";"P0601";"";"SOMA";Interna;No;No;No;No;Vacío;No;No;"";"";"";"";"";"";0,000000000;0,000000;"";0,000000000;"";0,000000000;"";"";"";;;;"";
"ES001";"P0701";"";"SOMA";Interna;No;No;No;No;Vacío;No;No;"";"";"";"";"";"";0,000000000;0,000000;"";0,000000000;"";0,000000000;"";"";"";;;;"";
"ES001";"P0801";"";"SOMA";Interna;No;No;No;No;Vacío;No;No;"";"";"";"";"";"";0,000000000;0,000000;"";0,000000000;"";0,000000000;"";"";"";;;;"";
"ES001";"P0901";"";"SOMA";Interna;No;No;No;No;Vacío;No;No;"";"";"";"";"";"";0,000000000;0,000000;"";0,000000000;"";0,000000000;"";"";"";;;;"";
"ES001";"P1001";"";"SOMA";Interna;No;No;No;No;Vacío;No;No;"";"";"";"";"";"";0,000000000;0,000000;"";0,000000000;"";0,000000000;"";"";"";;;;"";
"ES001";"P1101";"";"SOMA";Interna;No;No;No;No;Vacío;No;No;"";"";"";"";"";"";0,000000000;0,000000;"";0,000000000;"";0,000000000;"";"";"";;;;"";
"ES001";"P1201";"";"SOMA";Interna;No;No;No;No;Vacío;No;No;"";"";"";"";"";"";0,000000000;0,000000;"";0,000000000;"";0,000000000;"";"";"";;;;"";
"ES001";"P1301";"";"SOMA";Interna;No;No;No;No;Vacío;No;No;"";"";"";"";"";"";0,000000000;0,000000;"";0,000000000;"";0,000000000;"";"";"";;;;"";
"ES001";"P1401";"";"SOMA";Interna;No;No;No;No;Vacío;No;No;"";"";"";"";"";"";0,000000000;0,000000;"";0,000000000;"";0,000000000;"";"";"";;;;"";
"ES001";"P1501";"";"SOMA";Interna;No;No;No;No;Vacío;No;No;"";"";"";"";"";"";0,000000000;0,000000;"";0,000000000;"";0,000000000;"";"";"";;;;"";
"ES001";"P1601";"";"SOMA";Interna;No;No;No;No;Vacío;No;No;"";"";"";"";"";"";0,000000000;0,000000;"";0,000000000;"";0,000000000;"";"";"";;;;"";
"ES001";"P1701";"";"SOMA";Interna;No;No;No;No;Vacío;No;No;"";"";"";"";"";"";0,000000000;0,000000;"";0,000000000;"";0,000000000;"";"";"";;;;"";
"ES001";"Q0101";"";"PALET";Interna;No;No;No;No;Vacío;No;No;"";"";"";"";"";"";0,000000000;0,000000;"";0,000000000;"";0,000000000;"";"";"";;;;"";
"ES001";"R0101";"";"REC";Interna;No;No;No;No;Ocupado;No;Sí;"YACH-00001";"PRUEBA 1";"L26020140";"00001";"";"UN";1,000000000;1,000000;"UN";1,000000000;"A";0,000000000;"";"";"test1";;03/03/2026;;"";
"ES001";"R0101";"";"REC";Interna;No;No;No;No;Ocupado;No;Sí;"YACH-00001";"PRUEBA 1";"L26020142";"00001";"";"UN";1,000000000;1,000000;"UN";1,000000000;"A";0,000000000;"";"";"test2";;03/03/2026;;"";
"ES001";"R0101";"";"REC";Interna;No;No;No;No;Ocupado;No;Sí;"YACH-00001";"PRUEBA 1";"L26020160";"00001";"";"UN";1,000000000;1,000000;"UN";1,000000000;"A";0,000000000;"";"";"test1";;03/03/2026;;"";
"ES001";"R0101";"";"REC";Interna;No;No;No;No;Ocupado;No;Sí;"YACH-00001";"PRUEBA 1";"L26020161";"00001";"";"UN";1,000000000;1,000000;"UN";1,000000000;"A";0,000000000;"";"";"test2";;03/03/2026;;"";
"ES001";"R0101";"";"REC";Interna;No;No;No;No;Ocupado;No;Sí;"YACH-00001";"PRUEBA 1";"L26020165";"00001";"";"UN";1,000000000;1,000000;"UN";1,000000000;"A";0,000000000;"";"";"test2";;03/03/2026;;"";
"ES001";"R0101";"";"REC";Interna;No;No;No;No;Ocupado;No;Sí;"YACH-00001";"PRUEBA 1";"L26020177";"00001";"";"UN";1,000000000;1,000000;"UN";1,000000000;"A";0,000000000;"";"";"";;03/03/2026;;"";
"ES001";"R0101";"";"REC";Interna;No;No;No;No;Ocupado;No;Sí;"YACH-00002";"PRUEBA 2";"L26020060";"00001";"";"UN";1,000000000;1,000000;"UN";1,000000000;"A";1,000000000;"";"";"prov001";;26/02/2026;;"";
"ES001";"R0101";"";"REC";Interna;No;No;No;No;Ocupado;No;Sí;"YACH-00002";"PRUEBA 2";"L26020060";"00002";"";"UN";1,000000000;1,000000;"UN";1,000000000;"A";1,000000000;"";"";"prov001";;26/02/2026;;"";
"ES001";"R0101";"";"REC";Interna;No;No;No;No;Ocupado;No;No;"YACH-00002";"PRUEBA 2";"L26020079";"00001";"";"UN";0,000000000;1,000000;"UN";0,000000000;"A";0,000000000;"";"";"";05/02/2026;05/02/2026;05/02/2026;"";
"ES001";"R0101";"";"REC";Interna;No;No;No;No;Ocupado;No;Sí;"YACH-00002";"PRUEBA 2";"L26020123";"00001";"";"UN";1,000000000;1,000000;"UN";1,000000000;"A";1,000000000;"";"";"";;26/02/2026;;"";
"ES001";"R0101";"";"REC";Interna;No;No;No;No;Ocupado;No;Sí;"YACH-00002";"PRUEBA 2";"L26020123";"00002";"";"UN";1,000000000;1,000000;"UN";1,000000000;"A";1,000000000;"";"";"";;26/02/2026;;"";
"ES001";"R0101";"";"REC";Interna;No;No;No;No;Ocupado;No;Sí;"YACH-00002";"PRUEBA 2";"L26020123";"00003";"";"UN";1,000000000;1,000000;"UN";1,000000000;"A";1,000000000;"";"";"";;26/02/2026;;"";
"ES001";"R0101";"";"REC";Interna;No;No;No;No;Ocupado;No;Sí;"YACH-00002";"PRUEBA 2";"L26020123";"00004";"";"UN";1,000000000;1,000000;"UN";1,000000000;"A";1,000000000;"";"";"";;26/02/2026;;"";
"ES001";"R0101";"";"REC";Interna;No;No;No;No;Ocupado;No;Sí;"YACH-00002";"PRUEBA 2";"L26020123";"00005";"";"UN";1,000000000;1,000000;"UN";1,000000000;"A";1,000000000;"";"";"";;26/02/2026;;"";
"ES001";"R0101";"";"REC";Interna;No;No;No;No;Ocupado;No;Sí;"YACH-00002";"PRUEBA 2";"L26020123";"00006";"";"UN";1,000000000;1,000000;"UN";1,000000000;"A";1,000000000;"";"";"";;26/02/2026;;"";
"ES001";"R0101";"";"REC";Interna;No;No;No;No;Ocupado;No;Sí;"YACH-00002";"PRUEBA 2";"L26020123";"00007";"";"UN";1,000000000;1,000000;"UN";1,000000000;"A";1,000000000;"";"";"";;26/02/2026;;"";
"ES001";"R0101";"";"REC";Interna;No;No;No;No;Ocupado;No;Sí;"YACH-00002";"PRUEBA 2";"L26020123";"00008";"";"UN";1,000000000;1,000000;"UN";1,000000000;"A";1,000000000;"";"";"";;26/02/2026;;"";
"ES001";"R0101";"";"REC";Interna;No;No;No;No;Ocupado;No;Sí;"YACH-00002";"PRUEBA 2";"L26020123";"00009";"";"UN";1,000000000;1,000000;"UN";1,000000000;"A";1,000000000;"";"";"";;26/02/2026;;"";
"ES001";"R0101";"";"REC";Interna;No;No;No;No;Ocupado;No;Sí;"YACH-00002";"PRUEBA 2";"L26020123";"00010";"";"UN";1,000000000;1,000000;"UN";1,000000000;"A";1,000000000;"";"";"";;06/02/2026;06/02/2026;"";
"ES001";"R0101";"";"REC";Interna;No;No;No;No;Ocupado;No;Sí;"YACH-00002";"PRUEBA 2";"L26020123";"00011";"";"UN";1,000000000;1,000000;"UN";1,000000000;"A";0,000000000;"";"";"";;06/02/2026;06/02/2026;"";
"ES001";"R0101";"";"REC";Interna;No;No;No;No;Ocupado;No;Sí;"YACH-00002";"PRUEBA 2";"L26020123";"00012";"";"UN";1,000000000;1,000000;"UN";1,000000000;"A";1,000000000;"";"";"";;06/02/2026;06/02/2026;"";
"ES001";"R0101";"";"REC";Interna;No;No;No;No;Ocupado;No;Sí;"YACH-00002";"PRUEBA 2";"L26020123";"00013";"";"UN";1,000000000;1,000000;"UN";1,000000000;"A";1,000000000;"";"";"";;06/02/2026;06/02/2026;"";
"ES001";"R0101";"";"REC";Interna;No;No;No;No;Ocupado;No;Sí;"YACH-00002";"PRUEBA 2";"L26020123";"00014";"";"UN";1,000000000;1,000000;"UN";1,000000000;"A";1,000000000;"";"";"";;06/02/2026;06/02/2026;"";
"ES001";"R0101";"";"REC";Interna;No;No;No;No;Ocupado;No;Sí;"YACH-00002";"PRUEBA 2";"L26020123";"00015";"";"UN";1,000000000;1,000000;"UN";1,000000000;"A";1,000000000;"";"";"";;06/02/2026;06/02/2026;"";
"ES001";"R0101";"";"REC";Interna;No;No;No;No;Ocupado;No;Sí;"YACH-00002";"PRUEBA 2";"L26020123";"00016";"";"UN";1,000000000;1,000000;"UN";1,000000000;"A";1,000000000;"";"";"";;06/02/2026;06/02/2026;"";
"ES001";"R0101";"";"REC";Interna;No;No;No;No;Ocupado;No;Sí;"YACH-00002";"PRUEBA 2";"L26020123";"00017";"";"UN";1,000000000;1,000000;"UN";1,000000000;"A";1,000000000;"";"";"";;06/02/2026;06/02/2026;"";
"ES001";"R0101";"";"REC";Interna;No;No;No;No;Ocupado;No;Sí;"YACH-00002";"PRUEBA 2";"L26020123";"00018";"";"UN";1,000000000;1,000000;"UN";1,000000000;"A";1,000000000;"";"";"";;06/02/2026;06/02/2026;"";
"ES001";"R0101";"";"REC";Interna;No;No;No;No;Ocupado;No;Sí;"YACH-00002";"PRUEBA 2";"L26020123";"00019";"";"UN";1,000000000;1,000000;"UN";1,000000000;"A";1,000000000;"";"";"";;06/02/2026;06/02/2026;"";
"ES001";"R0101";"";"REC";Interna;No;No;No;No;Ocupado;No;Sí;"YACH-00002";"PRUEBA 2";"L26020123";"00020";"";"UN";1,000000000;1,000000;"UN";1,000000000;"A";1,000000000;"";"";"";;26/02/2026;;"";
"ES001";"R0101";"";"REC";Interna;No;No;No;No;Ocupado;No;Sí;"YACH-00002";"PRUEBA 2";"L26020123";"00021";"";"UN";1,000000000;1,000000;"UN";1,000000000;"A";1,000000000;"";"";"";;26/02/2026;;"";
"ES001";"R0101";"";"REC";Interna;No;No;No;No;Ocupado;No;Sí;"YACH-00002";"PRUEBA 2";"L26020123";"00022";"";"UN";1,000000000;1,000000;"UN";1,000000000;"A";1,000000000;"";"";"";;26/02/2026;;"";
"ES001";"R0101";"";"REC";Interna;No;No;No;No;Ocupado;No;Sí;"YACH-00002";"PRUEBA 2";"L26020123";"00023";"";"UN";1,000000000;1,000000;"UN";1,000000000;"A";1,000000000;"";"";"";;26/02/2026;;"";
"ES001";"R0101";"";"REC";Interna;No;No;No;No;Ocupado;No;Sí;"YACH-00002";"PRUEBA 2";"L26020123";"00024";"";"UN";1,000000000;1,000000;"UN";1,000000000;"A";1,000000000;"";"";"";;26/02/2026;;"";
"ES001";"R0101";"";"REC";Interna;No;No;No;No;Ocupado;No;Sí;"YACH-00002";"PRUEBA 2";"L26020123";"00025";"";"UN";1,000000000;1,000000;"UN";1,000000000;"A";1,000000000;"";"";"";;26/02/2026;;"";
"ES001";"R0101";"";"REC";Interna;No;No;No;No;Ocupado;No;Sí;"YACH-00002";"PRUEBA 2";"L26020123";"00026";"";"UN";1,000000000;1,000000;"UN";1,000000000;"A";1,000000000;"";"";"";;26/02/2026;;"";
"ES001";"R0101";"";"REC";Interna;No;No;No;No;Ocupado;No;Sí;"YACH-00002";"PRUEBA 2";"L26020123";"00027";"";"UN";1,000000000;1,000000;"UN";1,000000000;"A";1,000000000;"";"";"";;26/02/2026;;"";
"ES001";"R0101";"";"REC";Interna;No;No;No;No;Ocupado;No;Sí;"YACH-00002";"PRUEBA 2";"L26020123";"00028";"";"UN";1,000000000;1,000000;"UN";1,000000000;"A";1,000000000;"";"";"";;26/02/2026;;"";
"ES001";"R0101";"";"REC";Interna;No;No;No;No;Ocupado;No;Sí;"YACH-00002";"PRUEBA 2";"L26020123";"00029";"";"UN";1,000000000;1,000000;"UN";1,000000000;"A";1,000000000;"";"";"";;06/02/2026;06/02/2026;"";
"ES001";"R0101";"";"REC";Interna;No;No;No;No;Ocupado;No;Sí;"YACH-00002";"PRUEBA 2";"L26020123";"00031";"";"UN";1,000000000;1,000000;"UN";1,000000000;"A";1,000000000;"";"";"";;26/02/2026;;"";
"ES001";"R0101";"";"REC";Interna;No;No;No;No;Ocupado;No;Sí;"YACH-00002";"PRUEBA 2";"L26020123";"00032";"";"UN";1,000000000;1,000000;"UN";1,000000000;"A";1,000000000;"";"";"";;26/02/2026;;"";
"ES001";"R0101";"";"REC";Interna;No;No;No;No;Ocupado;No;Sí;"YACH-00002";"PRUEBA 2";"L26020123";"00033";"";"UN";1,000000000;1,000000;"UN";1,000000000;"A";1,000000000;"";"";"";;26/02/2026;;"";
"ES001";"R0101";"";"REC";Interna;No;No;No;No;Ocupado;No;Sí;"YACH-00002";"PRUEBA 2";"L26020123";"00034";"";"UN";1,000000000;1,000000;"UN";1,000000000;"A";1,000000000;"";"";"";;26/02/2026;;"";
"ES001";"R0101";"";"REC";Interna;No;No;No;No;Ocupado;No;Sí;"YACH-00002";"PRUEBA 2";"L26020123";"00035";"";"UN";1,000000000;1,000000;"UN";1,000000000;"A";1,000000000;"";"";"";;26/02/2026;;"";
"ES001";"R0101";"";"REC";Interna;No;No;No;No;Ocupado;No;Sí;"YACH-00002";"PRUEBA 2";"L26020123";"00036";"";"UN";1,000000000;1,000000;"UN";1,000000000;"A";1,000000000;"";"";"";;26/02/2026;;"";
"ES001";"R0101";"";"REC";Interna;No;No;No;No;Ocupado;No;Sí;"YACH-00002";"PRUEBA 2";"L26020123";"00037";"";"UN";1,000000000;1,000000;"UN";1,000000000;"A";1,000000000;"";"";"";;26/02/2026;;"";
"ES001";"R0101";"";"REC";Interna;No;No;No;No;Ocupado;No;Sí;"YACH-00002";"PRUEBA 2";"L26020123";"00038";"";"UN";1,000000000;1,000000;"UN";1,000000000;"A";1,000000000;"";"";"";;26/02/2026;;"";
"ES001";"R0101";"";"REC";Interna;No;No;No;No;Ocupado;No;Sí;"YACH-00002";"PRUEBA 2";"L26020123";"00039";"";"UN";1,000000000;1,000000;"UN";1,000000000;"A";1,000000000;"";"";"";;26/02/2026;;"";
"ES001";"R0101";"";"REC";Interna;No;No;No;No;Ocupado;No;Sí;"YACH-00002";"PRUEBA 2";"L26020123";"00040";"";"UN";1,000000000;1,000000;"UN";1,000000000;"A";1,000000000;"";"";"";;26/02/2026;;"";
"ES001";"R0101";"";"REC";Interna;No;No;No;No;Ocupado;No;Sí;"YACH-00002";"PRUEBA 2";"L26020123";"00041";"";"UN";1,000000000;1,000000;"UN";1,000000000;"A";1,000000000;"";"";"";;26/02/2026;;"";
"ES001";"R0101";"";"REC";Interna;No;No;No;No;Ocupado;No;Sí;"YACH-00002";"PRUEBA 2";"L26020123";"00042";"";"UN";1,000000000;1,000000;"UN";1,000000000;"A";1,000000000;"";"";"";;26/02/2026;;"";
"ES001";"R0101";"";"REC";Interna;No;No;No;No;Ocupado;No;Sí;"YACH-00002";"PRUEBA 2";"L26020123";"00043";"";"UN";1,000000000;1,000000;"UN";1,000000000;"A";1,000000000;"";"";"";;26/02/2026;;"";
"ES001";"R0101";"";"REC";Interna;No;No;No;No;Ocupado;No;Sí;"YACH-00002";"PRUEBA 2";"L26020123";"00044";"";"UN";1,000000000;1,000000;"UN";1,000000000;"A";1,000000000;"";"";"";;26/02/2026;;"";
"ES001";"R0101";"";"REC";Interna;No;No;No;No;Ocupado;No;Sí;"YACH-00002";"PRUEBA 2";"L26020123";"00045";"";"UN";1,000000000;1,000000;"UN";1,000000000;"A";1,000000000;"";"";"";;26/02/2026;;"";
"ES001";"R0101";"";"REC";Interna;No;No;No;No;Ocupado;No;Sí;"YACH-00002";"PRUEBA 2";"L26020123";"00046";"";"UN";1,000000000;1,000000;"UN";1,000000000;"A";1,000000000;"";"";"";;26/02/2026;;"";
"ES001";"R0101";"";"REC";Interna;No;No;No;No;Ocupado;No;Sí;"YACH-00002";"PRUEBA 2";"L26020123";"00047";"";"UN";1,000000000;1,000000;"UN";1,000000000;"A";1,000000000;"";"";"";;26/02/2026;;"";
"ES001";"R0101";"";"REC";Interna;No;No;No;No;Ocupado;No;Sí;"YACH-00002";"PRUEBA 2";"L26020123";"00048";"";"UN";1,000000000;1,000000;"UN";1,000000000;"A";1,000000000;"";"";"";;26/02/2026;;"";
"ES001";"R0101";"";"REC";Interna;No;No;No;No;Ocupado;No;Sí;"YACH-00002";"PRUEBA 2";"L26020123";"00049";"";"UN";1,000000000;1,000000;"UN";1,000000000;"A";1,000000000;"";"";"";;26/02/2026;;"";
"ES001";"R0101";"";"REC";Interna;No;No;No;No;Ocupado;No;Sí;"YACH-00002";"PRUEBA 2";"L26020123";"00050";"";"UN";1,000000000;1,000000;"UN";1,000000000;"A";1,000000000;"";"";"";;26/02/2026;;"";
"ES001";"R0101";"";"REC";Interna;No;No;No;No;Ocupado;No;Sí;"YACH-00002";"PRUEBA 2";"L26020159";"00001";"";"UN";1,000000000;1,000000;"UN";1,000000000;"A";0,000000000;"";"";"test1";;26/02/2026;;"";
"ES001";"R0101";"";"REC";Interna;No;No;No;No;Ocupado;No;Sí;"YACH-00002";"PRUEBA 2";"L260225";"00004";"";"UN";1,000000000;1,000000;"UN";1,000000000;"A";0,000000000;"";"";"Loteprov";;26/02/2026;;"";
